,accuracy,avg_time
3,100.0,0.6265030431747437
4,100.0,0.6904422187805176
5,100.0,0.8433114194869995
6,100.0,2.891988182067871
7,93.33333333333333,20.093590331077575
