size,accuracy,avg_time
4,1.0,0.004982035160064697
9,1.0,0.14940249681472778
