size,accuracy,avg_time_ms
3,100.0,143.57853889465332
4,100.0,167.55909204483032
5,100.0,204.35580968856812
6,100.0,293.780300617218
7,95.0,510.9809803962707
