,accuracy (%),avg_time (s)
3,10,26.58244123697281
4,0,35.20106599092483
5,0,55.86759095191955
6,0,55.0236961889267
7,0,56.894556013743085
