size,accuracy,avg_time_ms
4,68.0,158.37949991226196
5,24.0,238.6517596244812
6,10.0,356.0804295539856
7,3.0,511.45544052124023
9,0.0,764.7397899627686
