{
  "train_loss": [
    0.27736810610015883,
    0.13603785916159322,
    0.10814013131540856,
    0.09381057401371125,
    0.08503866485000063,
    0.07953777388945056,
    0.07447700843837458,
    0.07060824304653962,
    0.06657446922891586,
    0.06509760066244405,
    0.06131385508705588,
    0.060143602515800275,
    0.05878924752688012,
    0.05669548054993508,
    0.05600607159732502,
    0.055000203766011314,
    0.0539325343786349,
    0.04758641740988435,
    0.0459341155919298,
    0.044060188479759656,
    0.04533227187644084,
    0.0451302869093286,
    0.04391765767128825,
    0.04147598479892693,
    0.04013976111023577,
    0.03926276016618361,
    0.03982023257774897,
    0.03911344851077378,
    0.03722813398741624,
    0.0359428413157992,
    0.0364220367719952,
    0.03665496023382931,
    0.03667110317427179,
    0.03576882522637366,
    0.03618623105234261,
    0.036328048081171384,
    0.03545220520773717,
    0.035135933575137036,
    0.034711401325039956,
    0.03548470726852025,
    0.03462439573688301,
    0.034617818482410724,
    0.03426605186686364,
    0.034766870234606236,
    0.034517259170052744,
    0.03540847244052389,
    0.03436298426107296,
    0.03456148415505378,
    0.03399780073038795,
    0.034257205501794244,
    0.03366676813502814,
    0.03370535601019377
  ],
  "train_acc": [
    85.67519181585678,
    91.37297527706735,
    92.72208013640238,
    93.44501278772378,
    93.93435635123615,
    94.3162830349531,
    94.57118499573743,
    94.80690537084399,
    95.09036658141518,
    95.15814151747655,
    95.38235294117648,
    95.41176470588235,
    95.58908780903666,
    95.64535379369138,
    95.74765558397273,
    95.73572037510655,
    95.8691389599318,
    96.31798806479114,
    96.45907928388748,
    96.55711849957375,
    96.54006820119352,
    96.50085251491902,
    96.64364876385336,
    96.77578857630009,
    96.84143222506394,
    96.85251491901109,
    96.89300937766411,
    96.9769820971867,
    97.05115089514067,
    97.13895993179881,
    97.11381074168798,
    97.10485933503836,
    97.10613810741688,
    97.13895993179881,
    97.11125319693095,
    97.15984654731457,
    97.19650468883205,
    97.19607843137254,
    97.25490196078431,
    97.21781756180732,
    97.25191815856778,
    97.24339300937767,
    97.26385336743392,
    97.25191815856778,
    97.26342710997442,
    97.19522591645354,
    97.26257459505541,
    97.24978687127025,
    97.33759590792839,
    97.29880647911338,
    97.3388746803069,
    97.31415174765559
  ],
  "val_loss": [
    0.04668011129512201,
    0.03162154664189411,
    0.028989626321773293,
    0.02605299643222608,
    0.023953180388886504,
    0.021590075892605084,
    0.019647770226065255,
    0.023463957311501384,
    0.020619895137395497,
    0.020185527927817845,
    0.017368120758556854,
    0.023267629217493004,
    0.022278599571897144,
    0.020096723763597692,
    0.022053148130229648,
    0.02220215200051945,
    0.019916377828328634,
    0.019728538858603435,
    0.019310766855057865,
    0.018022410268994572,
    0.019199316379160027,
    0.01977646361559293,
    0.021258913600961826,
    0.01873693563026604,
    0.020881665241408328,
    0.020226851714463732,
    0.019094271205670543,
    0.018873760950269665,
    0.018283067865635428,
    0.019401657704493383,
    0.020317719001775546,
    0.019170617079401972,
    0.019151940161103456,
    0.01906326595282552,
    0.020027271770131406,
    0.019525860609980548,
    0.018452630615622467,
    0.019683945473745617,
    0.019957049438556796,
    0.020032263727630794,
    0.01900519089470002,
    0.02044989110634782,
    0.019675168293057436,
    0.020590742022963838,
    0.020529533877217697,
    0.019315221336692452,
    0.019610585862844514,
    0.019385870638123227,
    0.01997226663815129,
    0.019430902122062586,
    0.019419648176383066,
    0.01963135709887639
  ],
  "val_acc": [
    96.50468883205457,
    97.59590792838875,
    97.81756180733163,
    98.12446717817562,
    98.3461210571185,
    98.53367433930093,
    98.68712702472293,
    98.49957374254049,
    98.87468030690538,
    98.92583120204603,
    99.04518329070758,
    98.72122762148338,
    98.99403239556692,
    98.85763000852515,
    98.77237851662403,
    98.92583120204603,
    99.04518329070758,
    99.18158567774937,
    99.16453537936914,
    99.06223358908781,
    99.24978687127025,
    99.26683716965047,
    99.19863597612958,
    99.23273657289002,
    99.23273657289002,
    99.2156862745098,
    99.19863597612958,
    99.24978687127025,
    99.18158567774937,
    99.19863597612958,
    99.18158567774937,
    99.2156862745098,
    99.24978687127025,
    99.30093776641091,
    99.24978687127025,
    99.30093776641091,
    99.33503836317136,
    99.26683716965047,
    99.2838874680307,
    99.31798806479112,
    99.31798806479112,
    99.31798806479112,
    99.31798806479112,
    99.2838874680307,
    99.2838874680307,
    99.33503836317136,
    99.33503836317136,
    99.2838874680307,
    99.2838874680307,
    99.31798806479112,
    99.30093776641091,
    99.33503836317136
  ]
}