{
  "train_loss": [
    0.09525342918369047,
    0.03850483597640712,
    0.029537913087444304,
    0.025366767118675405,
    0.022503282463465005,
    0.019887741372303522,
    0.01888511022498099,
    0.017963919914010428,
    0.016443865367893423,
    0.01588661845306945,
    0.015070687137300148,
    0.014213575087536767,
    0.013553422262352998,
    0.013172273476550644,
    0.01130605869174873,
    0.010295529346912304,
    0.009682473675440622,
    0.010230451145870834,
    0.009471000019780244,
    0.00896014218598891,
    0.008535106163957295,
    0.008464494641285037,
    0.007888722348388241,
    0.00823786256359591,
    0.00805376211507715,
    0.008069292733175812
  ],
  "train_acc": [
    95.07951995316616,
    97.57878817445604,
    98.08517904185774,
    98.35008293492048,
    98.49058444726315,
    98.638403746707,
    98.72475363450093,
    98.76329397990048,
    98.8330568835984,
    98.88915991804078,
    98.93745731290858,
    98.98185188798907,
    99.06673821836277,
    99.059908283735,
    99.18821348424235,
    99.2584642404137,
    99.29944384818032,
    99.25943994536053,
    99.30529807786127,
    99.34627768562787,
    99.37798809639965,
    99.40091716265002,
    99.41994340911309,
    99.41701629427261,
    99.43506683578886,
    99.41799199921944
  ],
  "val_loss": [
    0.008758320771237954,
    0.005904705011292552,
    0.007738684118104064,
    0.00765151942821813,
    0.0062493724551196195,
    0.006768411377022391,
    0.006562201544954904,
    0.0049823937081592455,
    0.006542332243758982,
    0.005702542779504217,
    0.006840164953791463,
    0.007308423456480568,
    0.00655842522255572,
    0.005592014306469361,
    0.006637647391729334,
    0.0073925918672122235,
    0.006133505385164908,
    0.006048822171820888,
    0.006914134556152979,
    0.007710500829653194,
    0.007134016363809814,
    0.006811687652986501,
    0.0064109380530408535,
    0.006437155370811813,
    0.006586402692400987,
    0.006871522482560006
  ],
  "val_acc": [
    99.39512195121951,
    99.76585365853659,
    99.72682926829268,
    99.74634146341464,
    99.74634146341464,
    99.76585365853659,
    99.8048780487805,
    99.78536585365853,
    99.82439024390244,
    99.74634146341464,
    99.84390243902439,
    99.78536585365853,
    99.78536585365853,
    99.8048780487805,
    99.8048780487805,
    99.8048780487805,
    99.8048780487805,
    99.8048780487805,
    99.8048780487805,
    99.78536585365853,
    99.8048780487805,
    99.82439024390244,
    99.82439024390244,
    99.82439024390244,
    99.82439024390244,
    99.82439024390244
  ]
}