,accuracy (%),avg_time (s)
3,39,26.54918639421463
4,7,26.978993196487426
5,0,24.524857256412506
6,0,22.186544198989868
7,0,21.67326311270396
