,accuracy (%),avg_time (s)
3,74,145.44219735622406
4,30,240.86327896595
5,0,249.93609276771545
6,0,276.3617357635498
7,0,279.10149833361305
