,accuracy (%),avg_time (s)
3,8,3.8245480704307555
4,0,2.55120950937271
5,0,3.4007462906837462
6,0,3.3614277267456054
7,0,4.487039693196615
