{
  "train_loss": [
    0.11133761900192082,
    0.04439566941462945,
    0.03419989306449393,
    0.030803066857318297,
    0.026384715389876447,
    0.023107144228788342,
    0.02146715454473284,
    0.020122984339682286,
    0.0191507348602961,
    0.01824063392636791,
    0.014794876615465651,
    0.013835932140793063,
    0.013593627392218331,
    0.01297705527366834,
    0.012532362312357381,
    0.012350992357025102,
    0.01139677534286085,
    0.011585981706468561,
    0.010975472194821126,
    0.01032827713187802,
    0.009848430749041306,
    0.00953340593591595,
    0.009854421904866089,
    0.00930766623124314,
    0.00975864099321325,
    0.00875644639040608,
    0.008973374229329947,
    0.008192186722995942,
    0.00851916409886756,
    0.008630619313873827,
    0.008256738405519801,
    0.008013300020708594,
    0.00782838266296384,
    0.007357693236322295,
    0.007639295973451758,
    0.007869491480706673,
    0.008126297395245455,
    0.008079586337634887,
    0.0076486282084947755,
    0.007183080205313151,
    0.007388447667839347,
    0.007329324850878799,
    0.007212565046792705
  ],
  "train_acc": [
    94.37295028204119,
    97.26420044601862,
    97.77974550701823,
    98.01849665486029,
    98.23691460055096,
    98.45926800472256,
    98.54978354978356,
    98.60815951725043,
    98.66850321395776,
    98.77607241243605,
    98.9728453364817,
    99.04827495736586,
    99.07188770825135,
    99.09943591761774,
    99.14338187065461,
    99.12829594647776,
    99.19323101141283,
    99.16305916305916,
    99.22143513052603,
    99.25882198609472,
    99.275875639512,
    99.29292929292929,
    99.2791551882461,
    99.33228387773842,
    99.2863701954611,
    99.37819756001575,
    99.34146661419389,
    99.39853076216713,
    99.42739079102716,
    99.38213301849666,
    99.41820805457169,
    99.4391971664699,
    99.44378853469763,
    99.45231536140628,
    99.46412173684901,
    99.42804670077398,
    99.42476715203988,
    99.43722943722943,
    99.45559491014036,
    99.456906729634,
    99.46543355634265,
    99.45165945165945,
    99.46280991735537
  ],
  "val_loss": [
    0.011446489318511435,
    0.007586908772039781,
    0.005739924735573496,
    0.004815659301476355,
    0.007564471650629364,
    0.004881042919551766,
    0.006917746361613499,
    0.006384221178437028,
    0.005544232310592406,
    0.004872083359133731,
    0.0055266169633705715,
    0.005805926034968738,
    0.0036253900952093413,
    0.004521012709623786,
    0.004095776345812333,
    0.005617747178649606,
    0.004737547166652311,
    0.005502831399715767,
    0.006395607739817292,
    0.005534642972177995,
    0.0055572647276372475,
    0.005867413084253516,
    0.005175802630732394,
    0.004744010898276974,
    0.00539024364562628,
    0.0048171766789464445,
    0.005600268133727227,
    0.004383786194153162,
    0.005354784509882845,
    0.005425155680379615,
    0.005461331881743598,
    0.005918528032430075,
    0.005989780264340488,
    0.006731413026006233,
    0.0063253444155119565,
    0.005983251869934844,
    0.005652009509720568,
    0.006143936609830348,
    0.005393293163068182,
    0.00538514033356358,
    0.005902234330389323,
    0.004892011737165433,
    0.005163875833718454
  ],
  "val_acc": [
    99.00314795383001,
    99.39664218258132,
    99.71143756558237,
    99.73767051416579,
    99.60650577124869,
    99.68520461699894,
    99.73767051416579,
    99.71143756558237,
    99.71143756558237,
    99.58027282266528,
    99.65897166841553,
    99.65897166841553,
    99.73767051416579,
    99.71143756558237,
    99.81636935991605,
    99.71143756558237,
    99.79013641133263,
    99.81636935991605,
    99.76390346274921,
    99.79013641133263,
    99.81636935991605,
    99.76390346274921,
    99.81636935991605,
    99.73767051416579,
    99.81636935991605,
    99.76390346274921,
    99.76390346274921,
    99.8688352570829,
    99.76390346274921,
    99.73767051416579,
    99.73767051416579,
    99.73767051416579,
    99.73767051416579,
    99.73767051416579,
    99.76390346274921,
    99.76390346274921,
    99.73767051416579,
    99.73767051416579,
    99.76390346274921,
    99.76390346274921,
    99.76390346274921,
    99.76390346274921,
    99.73767051416579
  ]
}